{"cameraMode":{"drawMode":0,"name":"Shaded","section":"Shading Mode"},"sceneLighting":true,"audioPlay":false,"sceneViewState":{"m_AlwaysRefresh":false,"showFog":true,"showSkybox":true,"showFlares":true,"showImageEffects":true,"showParticleSystems":true,"showVisualEffectGraphs":true,"m_FxEnabled":true},"in2DMode":false,"pivot":{"x":13.767937660217286,"y":-28.725112915039064,"z":52.302894592285159},"rotation":{"x":0.35373973846435549,"y":0.12185069173574448,"z":-0.04656803235411644,"w":0.9262648820877075},"size":30.478551864624025,"orthographic":false}