{"cameraMode":{"drawMode":0,"name":"Shaded","section":"Shading Mode"},"sceneLighting":false,"audioPlay":false,"sceneViewState":{"m_AlwaysRefresh":false,"showFog":true,"showSkybox":false,"showFlares":true,"showImageEffects":true,"showParticleSystems":true,"showVisualEffectGraphs":true,"m_FxEnabled":true},"in2DMode":false,"pivot":{"x":-0.41299328207969668,"y":1.278617024421692,"z":23.440467834472658},"rotation":{"x":0.06858241558074951,"y":0.5568130612373352,"z":-0.04625105485320091,"w":0.8265851736068726},"size":4.1575422286987309,"orthographic":false}